GraphID,NumNodes,NumEdges,MaxPossibleEdges,DensityCategory,DensityValue,MatrixCreationTime_ms,ListCreationTime_ms,Matrix_Exec_Time_ms,List_Exec_Time_ms,Algorithm,Algorithm_Name,Algorithm_Type_Code,Best_Representation
g_bfs_10_Sparse_1,10,9.0,45.0,Sparse,0.2,0.1306670001213206,0.0038750004023313,0.0066249998781131,0.0011664000339806,BFS,BFS,0,1
g_bfs_10_Sparse_2,10,9.0,45.0,Sparse,0.2,0.0205840005946811,0.0022080002963775,0.0035168002796126,0.0005669997335644,BFS,BFS,0,1
g_bfs_10_Sparse_3,10,9.0,45.0,Sparse,0.2,0.0165419987752102,0.0020829993445659,0.0064169998950092,0.0008586004696553,BFS,BFS,0,1
g_bfs_10_Sparse_4,10,9.0,45.0,Sparse,0.2,0.0109579996205866,0.0014590004866477,0.0050749993533827,0.0007252001523738,BFS,BFS,0,1
g_bfs_10_Sparse_5,10,9.0,45.0,Sparse,0.2,0.0141669988806825,0.001791999238776,0.0057500001275911,0.0008079998224275,BFS,BFS,0,1
g_bfs_10_Medium_1,10,11.0,45.0,Medium,0.2444444444444444,0.0139170006150379,0.0017080001271096,0.0066331998823443,0.0012746004358632,BFS,BFS,0,1
g_bfs_10_Medium_2,10,11.0,45.0,Medium,0.2444444444444444,0.0137090009957319,0.0020830011635553,0.0062003997300053,0.0008084000000962,BFS,BFS,0,1
g_bfs_10_Medium_3,10,11.0,45.0,Medium,0.2444444444444444,0.0135829995997482,0.0015419991541421,0.0068582001404138,0.0009667997801443,BFS,BFS,0,1
g_bfs_10_Medium_4,10,11.0,45.0,Medium,0.2444444444444444,0.0128329993458464,0.0019999988580821,0.0062579994846601,0.0008831997547531,BFS,BFS,0,1
g_bfs_10_Medium_5,10,11.0,45.0,Medium,0.2444444444444444,0.0104999999166466,0.0014159995771478,0.0069747995439684,0.0009914005204336,BFS,BFS,0,1
g_bfs_10_Dense_1,10,27.0,45.0,Dense,0.6,0.0192919997061835,0.0022080002963775,0.0070662001235177,0.001208200410474,BFS,BFS,0,1
g_bfs_10_Dense_2,10,27.0,45.0,Dense,0.6,0.0156249989231582,0.0015410005289595,0.0073163999331882,0.0012583997886395,BFS,BFS,0,1
g_bfs_10_Dense_3,10,27.0,45.0,Dense,0.6,0.0183749998541316,0.0021659998310497,0.0077415999840013,0.0010668005415936,BFS,BFS,0,1
g_bfs_10_Dense_4,10,27.0,45.0,Dense,0.6,0.0125000005937181,0.001333999534836,0.0065584004914853,0.0010581999958958,BFS,BFS,0,1
g_bfs_10_Dense_5,10,27.0,45.0,Dense,0.6,0.0140409993036882,0.0014580000424757,0.0067250002757646,0.0010833999112946,BFS,BFS,0,1
g_bfs_50_Sparse_1,50,61.0,1225.0,Sparse,0.0497959183673469,0.0309580009343335,0.0054169995564734,0.1196495999465696,0.0037750003684777,BFS,BFS,0,1
g_bfs_50_Sparse_2,50,61.0,1225.0,Sparse,0.0497959183673469,0.0295419995381962,0.0056249991757795,0.1296251997700892,0.0042832001781789,BFS,BFS,0,1
g_bfs_50_Sparse_3,50,61.0,1225.0,Sparse,0.0497959183673469,0.0314999997499398,0.0059590001910692,0.0032411997381132,0.0002170003426726,BFS,BFS,0,1
g_bfs_50_Sparse_4,50,61.0,1225.0,Sparse,0.0497959183673469,0.0325839992001419,0.0060829988797195,0.1342748004390159,0.0041083996620727,BFS,BFS,0,1
g_bfs_50_Sparse_5,50,61.0,1225.0,Sparse,0.0497959183673469,0.0320409999403636,0.0063749994296813,0.1275832004466792,0.0041334002162329,BFS,BFS,0,1
g_bfs_50_Medium_1,50,306.0,1225.0,Medium,0.2497959183673469,0.1155419995484408,0.0092500013124663,0.1473082000302383,0.007941799776745,BFS,BFS,0,1
g_bfs_50_Medium_2,50,306.0,1225.0,Medium,0.2497959183673469,0.1987499999813735,0.0093329999799607,0.177950199577026,0.0088998003775486,BFS,BFS,0,1
g_bfs_50_Medium_3,50,306.0,1225.0,Medium,0.2497959183673469,0.1104170005419291,0.0097499996627448,0.1463169999624369,0.0067416003730613,BFS,BFS,0,1
g_bfs_50_Medium_4,50,306.0,1225.0,Medium,0.2497959183673469,0.0845829999889247,0.0065409985836595,0.1455248002457665,0.0067163997300667,BFS,BFS,0,1
g_bfs_50_Medium_5,50,306.0,1225.0,Medium,0.2497959183673469,0.0816669999039731,0.0065829990489874,0.1359832000161986,0.0067083998146699,BFS,BFS,0,1
g_bfs_50_Dense_1,50,735.0,1225.0,Dense,0.6,0.1735829991957871,0.0085829997260589,0.1401418005116284,0.0204999996640253,BFS,BFS,0,1
g_bfs_50_Dense_2,50,735.0,1225.0,Dense,0.6,0.1759999995556427,0.0089579989435151,0.143524799568695,0.0112832003651419,BFS,BFS,0,1
g_bfs_50_Dense_3,50,735.0,1225.0,Dense,0.6,0.1882909982668934,0.0097920001280726,0.158733400166966,0.0173416006873594,BFS,BFS,0,1
g_bfs_50_Dense_4,50,735.0,1225.0,Dense,0.6,0.169083001310355,0.0686670009599765,0.1391166006214916,0.011183000242454,BFS,BFS,0,1
g_bfs_50_Dense_5,50,735.0,1225.0,Dense,0.6,0.1672079997661057,0.0086670006567146,0.1417834006133489,0.0115081998956156,BFS,BFS,0,1
g_bfs_100_Sparse_1,100,247.0,4950.0,Sparse,0.0498989898989899,0.0806250009190989,0.013000000762986,0.5295999999361811,0.0096502000815235,BFS,BFS,0,1
g_bfs_100_Sparse_2,100,247.0,4950.0,Sparse,0.0498989898989899,0.0837090010463725,0.0128339997900184,0.5076582005131058,0.0093252005171962,BFS,BFS,0,1
g_bfs_100_Sparse_3,100,247.0,4950.0,Sparse,0.0498989898989899,0.0788750003266613,0.0111249992187367,0.52758320052817,0.0103164002211997,BFS,BFS,0,1
g_bfs_100_Sparse_4,100,247.0,4950.0,Sparse,0.0498989898989899,0.079250001363107,0.010708001354942,0.5365667999285506,0.0104000006103888,BFS,BFS,0,1
g_bfs_100_Sparse_5,100,247.0,4950.0,Sparse,0.0498989898989899,0.0945419997151475,0.0172090003616176,0.5969663994619623,0.0097832002211362,BFS,BFS,0,1
g_bfs_100_Medium_1,100,1237.0,4950.0,Medium,0.2498989898989899,0.2972090005641803,0.0160409999807598,0.5563998001889559,0.0199999998585553,BFS,BFS,0,1
g_bfs_100_Medium_2,100,1237.0,4950.0,Medium,0.2498989898989899,0.28612499954761,0.0173339994944399,0.5565497998759383,0.0202833998628193,BFS,BFS,0,1
g_bfs_100_Medium_3,100,1237.0,4950.0,Medium,0.2498989898989899,0.2767920013866387,0.0155830002768198,0.5146417996002128,0.0208583998755784,BFS,BFS,0,1
g_bfs_100_Medium_4,100,1237.0,4950.0,Medium,0.2498989898989899,0.3294170001026941,0.0154160006786696,0.5651417995977681,0.0200498001504456,BFS,BFS,0,1
g_bfs_100_Medium_5,100,1237.0,4950.0,Medium,0.2498989898989899,0.2824999992299126,0.0188750000233994,0.5336331996659283,0.0211081995075801,BFS,BFS,0,1
g_bfs_100_Dense_1,100,2970.0,4950.0,Dense,0.6,0.7042500001261942,0.0326669996866257,0.5637080001179129,0.039674800063949,BFS,BFS,0,1
g_bfs_100_Dense_2,100,2970.0,4950.0,Dense,0.6,0.6705840005452046,0.0265830003627343,0.56932519946713,0.0423336001404095,BFS,BFS,0,1
g_bfs_100_Dense_3,100,2970.0,4950.0,Dense,0.6,0.6809589995100396,0.0284580000879941,0.5578582000453025,0.0428583996836096,BFS,BFS,0,1
g_bfs_100_Dense_4,100,2970.0,4950.0,Dense,0.6,0.6600420001632301,0.0246669987973291,0.540375000127824,0.0426249996962724,BFS,BFS,0,1
g_bfs_100_Dense_5,100,2970.0,4950.0,Dense,0.6,0.6420839999918826,0.0273749992629745,0.6287832002271898,0.0506166008563013,BFS,BFS,0,1
g_bfs_200_Sparse_1,200,995.0,19900.0,Sparse,0.05,0.2650000005814945,0.0255420000030426,2.104091599903768,0.0259751992416568,BFS,BFS,0,1
g_bfs_200_Sparse_2,200,995.0,19900.0,Sparse,0.05,0.2517080010875361,0.0280839994957204,2.089325000270037,0.0280581996776163,BFS,BFS,0,1
g_bfs_200_Sparse_3,200,995.0,19900.0,Sparse,0.05,0.2704580001591239,0.0294579986075405,2.141649999612127,0.0257915995462099,BFS,BFS,0,1
g_bfs_200_Sparse_4,200,995.0,19900.0,Sparse,0.05,0.2803749994200188,0.066000000515487,2.119166599732125,0.0270748001639731,BFS,BFS,0,1
g_bfs_200_Sparse_5,200,995.0,19900.0,Sparse,0.05,0.2737920003710314,0.0306660003843717,2.096608199281036,0.0270501997874816,BFS,BFS,0,1
g_bfs_200_Medium_1,200,4975.0,19900.0,Medium,0.25,1.0741660007624887,0.0476660006825113,2.1680167999875266,0.0734584002202609,BFS,BFS,0,1
g_bfs_200_Medium_2,200,4975.0,19900.0,Medium,0.25,1.163667000582791,0.0497920009365771,2.163533400016604,0.0727834001736482,BFS,BFS,0,1
g_bfs_200_Medium_3,200,4975.0,19900.0,Medium,0.25,1.124750000599306,0.0459170005342457,2.132991799589945,0.0738415998057462,BFS,BFS,0,1
g_bfs_200_Medium_4,200,4975.0,19900.0,Medium,0.25,1.1343749993102392,0.0449589988420484,2.1701999998185784,0.0719331994332606,BFS,BFS,0,1
g_bfs_200_Medium_5,200,4975.0,19900.0,Medium,0.25,1.1216670009162044,0.0457090009149396,2.1835915995325195,0.0701498003763845,BFS,BFS,0,1
g_bfs_200_Dense_1,200,11940.0,19900.0,Dense,0.6,2.575667000201065,0.0827080002636648,2.190016600434319,0.1685334002104355,BFS,BFS,0,1
g_bfs_200_Dense_2,200,11940.0,19900.0,Dense,0.6,2.50758299989684,0.0660419991618255,2.274241800478194,0.1592167998751392,BFS,BFS,0,1
g_bfs_200_Dense_3,200,11940.0,19900.0,Dense,0.6,2.9147920013201656,0.0849999996717087,2.228874799766345,0.159966800129041,BFS,BFS,0,1
g_bfs_200_Dense_4,200,11940.0,19900.0,Dense,0.6,2.6408749999973224,0.066000000515487,2.333382999859168,0.1628415997402044,BFS,BFS,0,1
g_bfs_200_Dense_5,200,11940.0,19900.0,Dense,0.6,2.530542000386049,0.0685830000293208,2.3141836009017425,0.1615083994693122,BFS,BFS,0,1
g_bfs_500_Sparse_1,500,6237.0,124750.0,Sparse,0.0499959919839679,1.5293750002456363,0.1362080001854337,13.9161917999445,0.1575749993207864,BFS,BFS,0,1
g_bfs_500_Sparse_2,500,6237.0,124750.0,Sparse,0.0499959919839679,1.590375000887434,0.140583000757033,13.954308000393212,0.1476666006055893,BFS,BFS,0,1
g_bfs_500_Sparse_3,500,6237.0,124750.0,Sparse,0.0499959919839679,1.52041599903896,1.1201250017620623,13.965500199992675,0.157041399506852,BFS,BFS,0,1
g_bfs_500_Sparse_4,500,6237.0,124750.0,Sparse,0.0499959919839679,1.5229580003506271,0.1272919998882571,13.966482999603612,0.1558582003781339,BFS,BFS,0,1
g_bfs_500_Sparse_5,500,6237.0,124750.0,Sparse,0.0499959919839679,1.742667000144138,0.2078329998767003,13.863716400010162,0.1492997998866485,BFS,BFS,0,1
g_bfs_500_Medium_1,500,31187.0,124750.0,Medium,0.2499959919839679,7.31883300068148,0.466707999294158,14.442799799871864,0.6603999998333165,BFS,BFS,0,1
g_bfs_500_Medium_2,500,31187.0,124750.0,Medium,0.2499959919839679,7.348541999817826,0.4684169998654397,14.44585020035447,0.6770332001906354,BFS,BFS,0,1
g_bfs_500_Medium_3,500,31187.0,124750.0,Medium,0.2499959919839679,7.272458000443294,0.4693329992733197,14.539899800001876,0.6487833998107817,BFS,BFS,0,1
g_bfs_500_Medium_4,500,31187.0,124750.0,Medium,0.2499959919839679,7.1553329999005655,0.4669999998441199,14.387550199899124,0.6608584000787232,BFS,BFS,0,1
g_bfs_500_Medium_5,500,31187.0,124750.0,Medium,0.2499959919839679,7.296083000255749,0.4762500011565862,14.39607519969286,0.6652163992839633,BFS,BFS,0,1
g_bfs_500_Dense_1,500,74850.0,124750.0,Dense,0.6,16.982708999421448,0.9718330002215224,15.09515019970422,1.4940166005544595,BFS,BFS,0,1
g_bfs_500_Dense_2,500,74850.0,124750.0,Dense,0.6,17.362874999889755,1.0092080010508653,15.225016599652008,1.506475000132923,BFS,BFS,0,1
g_bfs_500_Dense_3,500,74850.0,124750.0,Dense,0.6,17.82216700121353,1.0167500004172323,15.216450399384485,1.5008665999630466,BFS,BFS,0,1
g_bfs_500_Dense_4,500,74850.0,124750.0,Dense,0.6,17.136458000095445,1.0282089988322696,15.062699999907636,1.541608399929828,BFS,BFS,0,1
g_bfs_500_Dense_5,500,74850.0,124750.0,Dense,0.6,17.618125000808504,0.9843329989962512,15.225916600320488,1.5016834000562085,BFS,BFS,0,1
g_dfs_10_Sparse_1,10,9.0,45.0,Sparse,0.2,0.0875839996297145,0.0035409993870416,0.0068080000346526,0.0011165997420903,DFS,DFS,1,1
g_dfs_10_Sparse_2,10,9.0,45.0,Sparse,0.2,0.0217090000660391,0.0022090007405495,0.00573319994146,0.0008002007234608,DFS,DFS,1,1
g_dfs_10_Sparse_3,10,9.0,45.0,Sparse,0.2,0.0191250001080334,0.0027080004656454,0.0057916004152502,0.0007246002496685,DFS,DFS,1,1
g_dfs_10_Sparse_4,10,9.0,45.0,Sparse,0.2,0.0109579996205866,0.001582999175298,0.0055165997764561,0.0007083999662427,DFS,DFS,1,1
g_dfs_10_Sparse_5,10,9.0,45.0,Sparse,0.2,0.0155830002768198,0.0017920010577654,0.0061500002630054,0.0007749997166683,DFS,DFS,1,1
g_dfs_10_Medium_1,10,11.0,45.0,Medium,0.2444444444444444,0.0156250007421476,0.0021250016288831,0.0067749999288935,0.0007913997251307,DFS,DFS,1,1
g_dfs_10_Medium_2,10,11.0,45.0,Medium,0.2444444444444444,0.0103340007626684,0.0014580000424757,0.0061583996284753,0.0008082010026555,DFS,DFS,1,1
g_dfs_10_Medium_3,10,11.0,45.0,Medium,0.2444444444444444,0.0141659984365105,0.0019580002117436,0.0075666001066565,0.0008332004654221,DFS,DFS,1,1
g_dfs_10_Medium_4,10,11.0,45.0,Medium,0.2444444444444444,0.0097499996627448,0.001332999090664,0.005608200081042,0.0007579998055007,DFS,DFS,1,1
g_dfs_10_Medium_5,10,11.0,45.0,Medium,0.2444444444444444,0.0135419995785923,0.0019170001905877,0.0071580001531401,0.0008581999281886,DFS,DFS,1,1
g_dfs_10_Dense_1,10,27.0,45.0,Dense,0.6,0.0175000004674075,0.0014999986888142,0.0064582007325952,0.0011249998351559,DFS,DFS,1,1
g_dfs_10_Dense_2,10,27.0,45.0,Dense,0.6,0.0133339999592863,0.0013749995559919,0.0065077998442575,0.0011663993063848,DFS,DFS,1,1
g_dfs_10_Dense_3,10,27.0,45.0,Dense,0.6,0.01591699947312,0.0017080001271096,0.0071915994340088,0.0012002001312794,DFS,DFS,1,1
g_dfs_10_Dense_4,10,27.0,45.0,Dense,0.6,0.0135829995997482,0.0013749995559919,0.0071414004196412,0.0011836000339826,DFS,DFS,1,1
g_dfs_10_Dense_5,10,27.0,45.0,Dense,0.6,0.0144169989653164,0.001582999175298,0.0071162001404445,0.0011668002116493,DFS,DFS,1,1
g_dfs_50_Sparse_1,50,61.0,1225.0,Sparse,0.0497959183673469,0.0336249995598336,0.0061669998103752,0.00576659986109,0.000233400351135,DFS,DFS,1,1
g_dfs_50_Sparse_2,50,61.0,1225.0,Sparse,0.0497959183673469,0.0303329998132539,0.0058750010794028,0.1355246004095534,0.004324800465838,DFS,DFS,1,1
g_dfs_50_Sparse_3,50,61.0,1225.0,Sparse,0.0497959183673469,0.0338749996444676,0.0114999984361929,0.1358831999823451,0.0043082000047434,DFS,DFS,1,1
g_dfs_50_Sparse_4,50,61.0,1225.0,Sparse,0.0497959183673469,0.0352910010406049,0.006250000296859,0.0031001993193058,0.000158399780048,DFS,DFS,1,1
g_dfs_50_Sparse_5,50,61.0,1225.0,Sparse,0.0497959183673469,0.0296660000458359,0.0058330006140749,0.1300669999181991,0.0037585999962175,DFS,DFS,1,1
g_dfs_50_Medium_1,50,306.0,1225.0,Medium,0.2497959183673469,0.0887909991433844,0.0075000007200287,0.1469584003643831,0.0075001997174695,DFS,DFS,1,1
g_dfs_50_Medium_2,50,306.0,1225.0,Medium,0.2497959183673469,0.0936670003284234,0.008082999556791,0.1516413998615462,0.0072579998231958,DFS,DFS,1,1
g_dfs_50_Medium_3,50,306.0,1225.0,Medium,0.2497959183673469,0.1094580002245493,0.0076670003181789,0.1404165996063966,0.0070833997597219,DFS,DFS,1,1
g_dfs_50_Medium_4,50,306.0,1225.0,Medium,0.2497959183673469,0.1267920015379786,0.0082499991549411,0.1959084002010058,0.0084249993960838,DFS,DFS,1,1
g_dfs_50_Medium_5,50,306.0,1225.0,Medium,0.2497959183673469,0.0903750005818437,0.0070829992182552,0.1314500001171836,0.0070915997639531,DFS,DFS,1,1
g_dfs_50_Dense_1,50,735.0,1225.0,Dense,0.6,0.1808329998311819,0.0095420000434387,0.1784747993951896,0.0235753999731969,DFS,DFS,1,1
g_dfs_50_Dense_2,50,735.0,1225.0,Dense,0.6,0.1968750002561137,0.0110000000859145,0.1494832002208568,0.0114001999463653,DFS,DFS,1,1
g_dfs_50_Dense_3,50,735.0,1225.0,Dense,0.6,0.1852090008469531,0.0106250008684583,0.1618083999346709,0.0130495991470525,DFS,DFS,1,1
g_dfs_50_Dense_4,50,735.0,1225.0,Dense,0.6,0.1985409999178955,0.0789169989729998,0.1386663996527204,0.0115833998279413,DFS,DFS,1,1
g_dfs_50_Dense_5,50,735.0,1225.0,Dense,0.6,0.1672079997661057,0.0081670004874467,0.1333418003923725,0.011541400454007,DFS,DFS,1,1
g_dfs_100_Sparse_1,100,247.0,4950.0,Sparse,0.0498989898989899,0.1179169994429685,0.0176670000655576,0.5325913996784948,0.009783200584934,DFS,DFS,1,1
g_dfs_100_Sparse_2,100,247.0,4950.0,Sparse,0.0498989898989899,0.0963749989750795,0.0124159996630623,0.5116830001497874,0.0102417998277815,DFS,DFS,1,1
g_dfs_100_Sparse_3,100,247.0,4950.0,Sparse,0.0498989898989899,0.0792079990787897,0.0110000000859145,0.5072745996585581,0.0101580004411516,DFS,DFS,1,1
g_dfs_100_Sparse_4,100,247.0,4950.0,Sparse,0.0498989898989899,0.0799159988673636,0.0107079995359526,0.544383400483639,0.0116417999379336,DFS,DFS,1,1
g_dfs_100_Sparse_5,100,247.0,4950.0,Sparse,0.0498989898989899,0.1085000003513414,0.0129579984786687,0.5198081998969428,0.0096168001618934,DFS,DFS,1,1
g_dfs_100_Medium_1,100,1237.0,4950.0,Medium,0.2498989898989899,0.2892920001613674,0.0167500002135057,0.544792199798394,0.0225417996261967,DFS,DFS,1,1
g_dfs_100_Medium_2,100,1237.0,4950.0,Medium,0.2498989898989899,0.2995000013470417,0.0162080013978993,0.5433168003946776,0.0244161998125491,DFS,DFS,1,1
g_dfs_100_Medium_3,100,1237.0,4950.0,Medium,0.2498989898989899,0.2813329992932267,0.0147909995575901,0.5186581998714246,0.0200832000700756,DFS,DFS,1,1
g_dfs_100_Medium_4,100,1237.0,4950.0,Medium,0.2498989898989899,0.2931670005636988,0.0169170016306452,0.5916835998505121,0.0216916003410005,DFS,DFS,1,1
g_dfs_100_Medium_5,100,1237.0,4950.0,Medium,0.2498989898989899,0.279833999229595,0.0148340004670899,0.5233413994574221,0.0204999996640253,DFS,DFS,1,1
g_dfs_100_Dense_1,100,2970.0,4950.0,Dense,0.6,0.6875420003780164,0.0357500011887168,0.5768335999164265,0.0427997998485807,DFS,DFS,1,1
g_dfs_100_Dense_2,100,2970.0,4950.0,Dense,0.6,0.66191699988849,0.0272090001089964,0.5986084001051495,0.0405749997298698,DFS,DFS,1,1
g_dfs_100_Dense_3,100,2970.0,4950.0,Dense,0.6,0.653582999802893,0.0282499986496986,0.6000913999741897,0.0563251996936742,DFS,DFS,1,1
g_dfs_100_Dense_4,100,2970.0,4950.0,Dense,0.6,0.6567920008819783,0.0267079994955565,0.5645752000418724,0.0400167999032419,DFS,DFS,1,1
g_dfs_100_Dense_5,100,2970.0,4950.0,Dense,0.6,0.6554580013471423,0.0246250001509906,0.6367917998431949,0.0474918000691104,DFS,DFS,1,1
g_dfs_200_Sparse_1,200,995.0,19900.0,Sparse,0.05,0.2733750006882474,0.0267920004262123,2.133908200266887,0.0272166002105223,DFS,DFS,1,1
g_dfs_200_Sparse_2,200,995.0,19900.0,Sparse,0.05,0.2612079988466576,0.0295829995593521,2.0977001997380285,0.0282080007309559,DFS,DFS,1,1
g_dfs_200_Sparse_3,200,995.0,19900.0,Sparse,0.05,0.2729170009843074,0.0321250008710194,2.1417665997432778,0.0242999994952697,DFS,DFS,1,1
g_dfs_200_Sparse_4,200,995.0,19900.0,Sparse,0.05,0.2835830000549322,0.072750000981614,2.1178583996515954,0.0247332005528733,DFS,DFS,1,1
g_dfs_200_Sparse_5,200,995.0,19900.0,Sparse,0.05,0.255375000051572,0.0260419983533211,2.1071583996672416,0.0253500002145301,DFS,DFS,1,1
g_dfs_200_Medium_1,200,4975.0,19900.0,Medium,0.25,1.1660830004984746,0.0584169993089744,2.171683199776453,0.0799999997980194,DFS,DFS,1,1
g_dfs_200_Medium_2,200,4975.0,19900.0,Medium,0.25,1.1337079995428212,0.0470840004709316,2.1298250001564156,0.0732751996110891,DFS,DFS,1,1
g_dfs_200_Medium_3,200,4975.0,19900.0,Medium,0.25,1.1231250009586802,0.0453749998996499,2.1973581995553104,0.0745832006941782,DFS,DFS,1,1
g_dfs_200_Medium_4,200,4975.0,19900.0,Medium,0.25,1.1534999994182726,0.0523749986314214,2.2171000004163943,0.0777918001404032,DFS,DFS,1,1
g_dfs_200_Medium_5,200,4975.0,19900.0,Medium,0.25,1.155333000497194,0.0540839992027031,2.219716399849858,0.0766500001191161,DFS,DFS,1,1
g_dfs_200_Dense_1,200,11940.0,19900.0,Dense,0.6,2.6517499991314253,0.1023330005409661,2.3414169998432044,0.1711498000076972,DFS,DFS,1,1
g_dfs_200_Dense_2,200,11940.0,19900.0,Dense,0.6,2.682125001228997,0.0795420000940794,2.369441599876154,0.1567918003274826,DFS,DFS,1,1
g_dfs_200_Dense_3,200,11940.0,19900.0,Dense,0.6,2.696707999348291,0.065083000663435,2.339008199851378,0.1707997998892096,DFS,DFS,1,1
g_dfs_200_Dense_4,200,11940.0,19900.0,Dense,0.6,2.784333000818151,0.0765830009186174,2.2766582005715463,0.1647582004807191,DFS,DFS,1,1
g_dfs_200_Dense_5,200,11940.0,19900.0,Dense,0.6,2.62687500071479,0.0709159994585206,2.265016799719888,0.1669749999564374,DFS,DFS,1,1
g_dfs_500_Sparse_1,500,6237.0,124750.0,Sparse,0.0499959919839679,1.5976659997249951,0.1609999999345746,14.113908200306469,0.1573334000568138,DFS,DFS,1,1
g_dfs_500_Sparse_2,500,6237.0,124750.0,Sparse,0.0499959919839679,1.5727499994682148,0.1272080007765907,14.107649600191507,0.1601500003744149,DFS,DFS,1,1
g_dfs_500_Sparse_3,500,6237.0,124750.0,Sparse,0.0499959919839679,1.6325000015058322,0.84183299986762,14.095216799614718,0.1567584000440547,DFS,DFS,1,1
g_dfs_500_Sparse_4,500,6237.0,124750.0,Sparse,0.0499959919839679,1.543041998957051,0.139666000904981,14.165841400244972,0.1444249999622116,DFS,DFS,1,1
g_dfs_500_Sparse_5,500,6237.0,124750.0,Sparse,0.0499959919839679,1.6077500004030298,0.1515410003776196,14.074041799540282,0.1597084003151394,DFS,DFS,1,1
g_dfs_500_Medium_1,500,31187.0,124750.0,Medium,0.2499959919839679,7.380582999758189,0.4732080014946405,14.391616599459669,0.660308200167492,DFS,DFS,1,1
g_dfs_500_Medium_2,500,31187.0,124750.0,Medium,0.2499959919839679,7.706374999543186,0.5175000005692709,14.56642519988236,0.6530748007207876,DFS,DFS,1,1
g_dfs_500_Medium_3,500,31187.0,124750.0,Medium,0.2499959919839679,7.066542000757181,0.4422499987413175,14.548441599617943,0.6697667999105761,DFS,DFS,1,1
g_dfs_500_Medium_4,500,31187.0,124750.0,Medium,0.2499959919839679,7.131833001039922,0.4677079996326938,14.34210039988102,0.6499084003735334,DFS,DFS,1,1
g_dfs_500_Medium_5,500,31187.0,124750.0,Medium,0.2499959919839679,7.295584000530653,0.4756670005008345,14.51434979971964,0.6644328001129907,DFS,DFS,1,1
g_dfs_500_Dense_1,500,74850.0,124750.0,Dense,0.6,17.093083000872866,0.9630410004319856,15.07367539961706,1.4882252002280438,DFS,DFS,1,1
g_dfs_500_Dense_2,500,74850.0,124750.0,Dense,0.6,17.445166999095818,1.0193749985774048,15.278008400127874,1.503574999151169,DFS,DFS,1,1
g_dfs_500_Dense_3,500,74850.0,124750.0,Dense,0.6,17.07979200000409,0.9945420006260974,15.29055859973596,1.5354253999248613,DFS,DFS,1,1
g_dfs_500_Dense_4,500,74850.0,124750.0,Dense,0.6,17.621542001506896,1.0240829997201215,15.29909960081568,1.5209334003884578,DFS,DFS,1,1
g_dfs_500_Dense_5,500,74850.0,124750.0,Dense,0.6,17.580707999513834,1.0343750000174623,15.36912499977916,1.5279745999578154,DFS,DFS,1,1
g_getneigh_10_Sparse_1,10,9.0,45.0,Sparse,0.2,0.095417000920861,0.0035829998523695,0.0006239165004444,2.00829999812413e-05,GetNeighbors,GetNeighbors,2,1
g_getneigh_10_Sparse_2,10,9.0,45.0,Sparse,0.2,0.0202920000447193,0.0021660016500391,0.0006174375002956,2.0000000404252205e-05,GetNeighbors,GetNeighbors,2,1
g_getneigh_10_Sparse_3,10,9.0,45.0,Sparse,0.2,0.0195419997908175,0.0024580003810115,0.0005983544997434,1.9999999494757503e-05,GetNeighbors,GetNeighbors,2,1
g_getneigh_10_Sparse_4,10,9.0,45.0,Sparse,0.2,0.0112090001493925,0.001582999175298,0.0006311249999271,2.0375000531203113e-05,GetNeighbors,GetNeighbors,2,1
g_getneigh_10_Sparse_5,10,9.0,45.0,Sparse,0.2,0.0262910016317619,0.0027499991119839,0.0007092915002431,2.2145499315229245e-05,GetNeighbors,GetNeighbors,2,1
g_getneigh_10_Medium_1,10,11.0,45.0,Medium,0.2444444444444444,0.0314999997499398,0.0039170008676592,0.000598604499828,2.0292000044719316e-05,GetNeighbors,GetNeighbors,2,1
g_getneigh_10_Medium_2,10,11.0,45.0,Medium,0.2444444444444444,0.0163329987117322,0.0020000006770715,0.0006075210003473,2.0479000340856143e-05,GetNeighbors,GetNeighbors,2,1
g_getneigh_10_Medium_3,10,11.0,45.0,Medium,0.2444444444444444,0.0183749998541316,0.0023749998945277,0.0006228124993867,2.0458500330278184e-05,GetNeighbors,GetNeighbors,2,1
g_getneigh_10_Medium_4,10,11.0,45.0,Medium,0.2444444444444444,0.0183749998541316,0.0020829993445659,0.0006126460002633,2.0000000404252205e-05,GetNeighbors,GetNeighbors,2,1
g_getneigh_10_Medium_5,10,11.0,45.0,Medium,0.2444444444444444,0.0175839995790738,0.0017080001271096,0.000621625000349,1.98540001292713e-05,GetNeighbors,GetNeighbors,2,1
g_getneigh_10_Dense_1,10,27.0,45.0,Dense,0.6,0.0249999993684468,0.0017500005924375,0.0007012705000306,2.079149999190122e-05,GetNeighbors,GetNeighbors,2,1
g_getneigh_10_Dense_2,10,27.0,45.0,Dense,0.6,0.0282920009340159,0.0052089999371673,0.000725416500245,2.114600010827417e-05,GetNeighbors,GetNeighbors,2,1
g_getneigh_10_Dense_3,10,27.0,45.0,Dense,0.6,0.02962500002468,0.0121249995572725,0.0006433749995267,2.052100080618402e-05,GetNeighbors,GetNeighbors,2,1
g_getneigh_10_Dense_4,10,27.0,45.0,Dense,0.6,0.0189169986697379,0.0019170001905877,0.0006263330005822,2.045800010819221e-05,GetNeighbors,GetNeighbors,2,1
g_getneigh_10_Dense_5,10,27.0,45.0,Dense,0.6,0.0213330004044109,0.0021249998098937,0.0006360415000017,1.9916999917768408e-05,GetNeighbors,GetNeighbors,2,1
g_getneigh_50_Sparse_1,50,61.0,1225.0,Sparse,0.0497959183673469,0.0343749998137354,0.0057500001275911,0.0027399165001043,2.0687500182248183e-05,GetNeighbors,GetNeighbors,2,1
g_getneigh_50_Sparse_2,50,61.0,1225.0,Sparse,0.0497959183673469,0.0439579998783301,0.006250000296859,0.0026701455008151,4.745849946630187e-05,GetNeighbors,GetNeighbors,2,1
g_getneigh_50_Sparse_3,50,61.0,1225.0,Sparse,0.0497959183673469,0.0617500008956994,0.0078749999374849,0.0027006874997823,2.197899993916508e-05,GetNeighbors,GetNeighbors,2,1
g_getneigh_50_Sparse_4,50,61.0,1225.0,Sparse,0.0497959183673469,0.0441669999418081,0.0070839996624272,0.0048072085000967,6.55209996693884e-05,GetNeighbors,GetNeighbors,2,1
g_getneigh_50_Sparse_5,50,61.0,1225.0,Sparse,0.0497959183673469,0.0733329998183762,0.0092919999588048,0.0050006874998871,7.962499967106851e-05,GetNeighbors,GetNeighbors,2,1
g_getneigh_50_Medium_1,50,306.0,1225.0,Medium,0.2497959183673469,0.1164580007753102,0.0086249983723973,0.0028238750001037,2.0687500182248183e-05,GetNeighbors,GetNeighbors,2,1
g_getneigh_50_Medium_2,50,306.0,1225.0,Medium,0.2497959183673469,0.1072499999281717,0.0097500014817342,0.0028543749995151,2.1021000065957196e-05,GetNeighbors,GetNeighbors,2,1
g_getneigh_50_Medium_3,50,306.0,1225.0,Medium,0.2497959183673469,0.0980410004558507,0.0078749999374849,0.0029181250001784,2.5354000172228552e-05,GetNeighbors,GetNeighbors,2,1
g_getneigh_50_Medium_4,50,306.0,1225.0,Medium,0.2497959183673469,0.0956250005401671,0.0073330011218786,0.0029411039995466,2.206249973824015e-05,GetNeighbors,GetNeighbors,2,1
g_getneigh_50_Medium_5,50,306.0,1225.0,Medium,0.2497959183673469,0.0997500010271323,0.007374999768217,0.0028467914999055,2.2124999304651283e-05,GetNeighbors,GetNeighbors,2,1
g_getneigh_50_Dense_1,50,735.0,1225.0,Dense,0.6,0.1834590002545155,0.0128749998111743,0.0029157295002733,2.3166499886428937e-05,GetNeighbors,GetNeighbors,2,1
g_getneigh_50_Dense_2,50,735.0,1225.0,Dense,0.6,0.2080419999401783,0.0094580009317724,0.002861083499738,2.1583000489044935e-05,GetNeighbors,GetNeighbors,2,1
g_getneigh_50_Dense_3,50,735.0,1225.0,Dense,0.6,0.1716250008030329,0.0106669995147967,0.0029465625002558,1.9916499695682433e-05,GetNeighbors,GetNeighbors,2,1
g_getneigh_50_Dense_4,50,735.0,1225.0,Dense,0.6,0.174082999365055,0.0648329987598117,0.0029400205003184,2.249999943160219e-05,GetNeighbors,GetNeighbors,2,1
g_getneigh_50_Dense_5,50,735.0,1225.0,Dense,0.6,0.183540998477838,0.0093750004452886,0.0029916040002717,2.00414997379994e-05,GetNeighbors,GetNeighbors,2,1
g_getneigh_100_Sparse_1,100,247.0,4950.0,Sparse,0.0498989898989899,0.0903749987628543,0.0120419990707887,0.0052681665001728,2.3249999685504008e-05,GetNeighbors,GetNeighbors,2,1
g_getneigh_100_Sparse_2,100,247.0,4950.0,Sparse,0.0498989898989899,0.1002079989120829,0.0144170007843058,0.005402791999586,2.320850035175681e-05,GetNeighbors,GetNeighbors,2,1
g_getneigh_100_Sparse_3,100,247.0,4950.0,Sparse,0.0498989898989899,0.0881659998412942,0.0114579997898545,0.0052821459994447,2.1229000594757963e-05,GetNeighbors,GetNeighbors,2,1
g_getneigh_100_Sparse_4,100,247.0,4950.0,Sparse,0.0498989898989899,0.0936249998630955,0.0114579997898545,0.005231416499555,2.3416499971062876e-05,GetNeighbors,GetNeighbors,2,1
g_getneigh_100_Sparse_5,100,247.0,4950.0,Sparse,0.0498989898989899,0.1042919993778923,0.0125000005937181,0.0052885414997945,2.0292000044719316e-05,GetNeighbors,GetNeighbors,2,1
g_getneigh_100_Medium_1,100,1237.0,4950.0,Medium,0.2498989898989899,0.336667000738089,0.0166250010806834,0.0054674580005666,2.131250039383303e-05,GetNeighbors,GetNeighbors,2,1
g_getneigh_100_Medium_2,100,1237.0,4950.0,Medium,0.2498989898989899,0.2813329992932267,0.0165410001500276,0.0055236875004993,2.2500000341096893e-05,GetNeighbors,GetNeighbors,2,1
g_getneigh_100_Medium_3,100,1237.0,4950.0,Medium,0.2498989898989899,0.3307499991933582,0.0166669997270219,0.0055997085000853,2.7520999537955504e-05,GetNeighbors,GetNeighbors,2,1
g_getneigh_100_Medium_4,100,1237.0,4950.0,Medium,0.2498989898989899,0.2844999999069841,0.0163330005307216,0.0054767709998486,2.0478999431361444e-05,GetNeighbors,GetNeighbors,2,1
g_getneigh_100_Medium_5,100,1237.0,4950.0,Medium,0.2498989898989899,0.3272920002928003,0.0157499998749699,0.0055315414992946,2.135399972758023e-05,GetNeighbors,GetNeighbors,2,1
g_getneigh_100_Dense_1,100,2970.0,4950.0,Dense,0.6,0.7092079995345557,0.0267080013145459,0.0059117085002071,2.354150001337985e-05,GetNeighbors,GetNeighbors,2,1
g_getneigh_100_Dense_2,100,2970.0,4950.0,Dense,0.6,0.6772500000806758,0.0255839986493811,0.0059347499991417,2.0458500330278184e-05,GetNeighbors,GetNeighbors,2,1
g_getneigh_100_Dense_3,100,2970.0,4950.0,Dense,0.6,0.683250000292901,0.0302909993479261,0.0058735625007102,2.0812500224565156e-05,GetNeighbors,GetNeighbors,2,1
g_getneigh_100_Dense_4,100,2970.0,4950.0,Dense,0.6,0.6885000002512243,0.0250840002991026,0.0057835830002659,2.216649954789318e-05,GetNeighbors,GetNeighbors,2,1
g_getneigh_100_Dense_5,100,2970.0,4950.0,Dense,0.6,0.6568330009031342,0.0261660006799502,0.0059916045001955,2.2500000341096893e-05,GetNeighbors,GetNeighbors,2,1
g_getneigh_200_Sparse_1,200,995.0,19900.0,Sparse,0.05,0.2838749987859046,0.0266669994744006,0.0107405205008035,2.5874999664665665e-05,GetNeighbors,GetNeighbors,2,1
g_getneigh_200_Sparse_2,200,995.0,19900.0,Sparse,0.05,0.2964590003102785,0.0301250001939479,0.0107747290003317,2.347899953747401e-05,GetNeighbors,GetNeighbors,2,1
g_getneigh_200_Sparse_3,200,995.0,19900.0,Sparse,0.05,0.2946250006061746,0.0262499997916165,0.0109485210005004,2.3145999875850976e-05,GetNeighbors,GetNeighbors,2,1
g_getneigh_200_Sparse_4,200,995.0,19900.0,Sparse,0.05,0.2947499997389968,0.0787079989095218,0.0105738749998636,2.3979499928827863e-05,GetNeighbors,GetNeighbors,2,1
g_getneigh_200_Sparse_5,200,995.0,19900.0,Sparse,0.05,0.2936250002676388,0.0371670012100366,0.0106459999997241,2.3874999897088856e-05,GetNeighbors,GetNeighbors,2,1
g_getneigh_200_Medium_1,200,4975.0,19900.0,Medium,0.25,1.089499999579857,0.0566669987165369,0.0111724375001358,2.354200023546582e-05,GetNeighbors,GetNeighbors,2,1
g_getneigh_200_Medium_2,200,4975.0,19900.0,Medium,0.25,1.1279590016783914,0.0577079990762285,0.0111358539998036,2.3041499844111968e-05,GetNeighbors,GetNeighbors,2,1
g_getneigh_200_Medium_3,200,4975.0,19900.0,Medium,0.25,1.147208000475075,0.0517919997946592,0.01129016699997,2.3479000446968712e-05,GetNeighbors,GetNeighbors,2,1
g_getneigh_200_Medium_4,200,4975.0,19900.0,Medium,0.25,1.158499999291962,0.0514580005983589,0.0111106249996737,2.220799979113508e-05,GetNeighbors,GetNeighbors,2,1
g_getneigh_200_Medium_5,200,4975.0,19900.0,Medium,0.25,1.132625000536791,0.0477920002595055,0.0109946040001887,2.4353999833692797e-05,GetNeighbors,GetNeighbors,2,1
g_getneigh_200_Dense_1,200,11940.0,19900.0,Dense,0.6,2.607166999951005,0.0784160001785494,0.0117752290007047,2.1083000319777057e-05,GetNeighbors,GetNeighbors,2,1
g_getneigh_200_Dense_2,200,11940.0,19900.0,Dense,0.6,2.6474999995116377,0.071125001340988,0.0116811460002281,2.079200021398719e-05,GetNeighbors,GetNeighbors,2,1
g_getneigh_200_Dense_3,200,11940.0,19900.0,Dense,0.6,2.568833000623272,0.0639579993730876,0.0117718330002389,2.3479499759559985e-05,GetNeighbors,GetNeighbors,2,1
g_getneigh_200_Dense_4,200,11940.0,19900.0,Dense,0.6,2.6614170001266757,0.0706249993527308,0.0117706250002811,2.2103999981482048e-05,GetNeighbors,GetNeighbors,2,1
g_getneigh_200_Dense_5,200,11940.0,19900.0,Dense,0.6,2.567375000580796,0.0644579995423555,0.0117719789996044,2.412499998172279e-05,GetNeighbors,GetNeighbors,2,1
g_getneigh_500_Sparse_1,500,6237.0,124750.0,Sparse,0.0499959919839679,1.6120000000228174,0.1526670002931496,0.0278842915004133,2.758350001386134e-05,GetNeighbors,GetNeighbors,2,1
g_getneigh_500_Sparse_2,500,6237.0,124750.0,Sparse,0.0499959919839679,1.561875000334112,0.1390840006934013,0.028729103999467,3.7562500438070856e-05,GetNeighbors,GetNeighbors,2,1
g_getneigh_500_Sparse_3,500,6237.0,124750.0,Sparse,0.0499959919839679,1.5980829994077794,1.087708000341081,0.0280733749996215,2.8812500204367097e-05,GetNeighbors,GetNeighbors,2,1
g_getneigh_500_Sparse_4,500,6237.0,124750.0,Sparse,0.0499959919839679,1.5652500005671754,0.1409589985996717,0.0282151250003153,2.6249999791616577e-05,GetNeighbors,GetNeighbors,2,1
g_getneigh_500_Sparse_5,500,6237.0,124750.0,Sparse,0.0499959919839679,1.584125000590575,0.1582500008225906,0.0278992710000238,2.804199993988732e-05,GetNeighbors,GetNeighbors,2,1
g_getneigh_500_Medium_1,500,31187.0,124750.0,Medium,0.2499959919839679,7.312625000849948,0.4783330005011521,0.0294641874997978,2.2937500034458935e-05,GetNeighbors,GetNeighbors,2,1
g_getneigh_500_Medium_2,500,31187.0,124750.0,Medium,0.2499959919839679,7.059916999423876,0.4634589986380888,0.0289394170004015,2.5249999453080815e-05,GetNeighbors,GetNeighbors,2,1
g_getneigh_500_Medium_3,500,31187.0,124750.0,Medium,0.2499959919839679,7.141292000596877,0.4785000000993022,0.0290863959999114,2.5020999601110816e-05,GetNeighbors,GetNeighbors,2,1
g_getneigh_500_Medium_4,500,31187.0,124750.0,Medium,0.2499959919839679,7.080625000526197,0.4704170005425112,0.0293017499998313,2.5270999685744755e-05,GetNeighbors,GetNeighbors,2,1
g_getneigh_500_Medium_5,500,31187.0,124750.0,Medium,0.2499959919839679,7.162667001466616,0.4500409995671361,0.0295113749998563,2.6853999770537484e-05,GetNeighbors,GetNeighbors,2,1
g_getneigh_500_Dense_1,500,74850.0,124750.0,Dense,0.6,17.203792000145768,1.0237500009679934,0.0308621875001335,2.5499999537714757e-05,GetNeighbors,GetNeighbors,2,1
g_getneigh_500_Dense_2,500,74850.0,124750.0,Dense,0.6,17.13637499960896,1.001749998977175,0.0307722084999113,2.3791500098013785e-05,GetNeighbors,GetNeighbors,2,1
g_getneigh_500_Dense_3,500,74850.0,124750.0,Dense,0.6,17.053207999197184,1.0025829997175606,0.0308554374996674,2.6749999960884452e-05,GetNeighbors,GetNeighbors,2,1
g_getneigh_500_Dense_4,500,74850.0,124750.0,Dense,0.6,16.53479100059485,0.9646250000514556,0.0311710419991868,2.5875000574160367e-05,GetNeighbors,GetNeighbors,2,1
g_getneigh_500_Dense_5,500,74850.0,124750.0,Dense,0.6,17.409709000276052,1.0202499997831185,0.0309103125000547,2.6812500436790287e-05,GetNeighbors,GetNeighbors,2,1
g_10_Sparse_1,10,9.0,45.0,Sparse,0.2,0.1062499995896359,0.0037079989851918,0.0001070834996426,3.7479000638995785e-05,has_edge,HasEdge,3,1
g_10_Sparse_2,10,9.0,45.0,Sparse,0.2,0.0178749996848637,0.0022080002963775,0.0001102499991247,3.608350016293116e-05,has_edge,HasEdge,3,1
g_10_Sparse_3,10,9.0,45.0,Sparse,0.2,0.0177920010173693,0.0021670002752216,0.0001089580000552,3.6770499718841165e-05,has_edge,HasEdge,3,1
g_10_Sparse_4,10,9.0,45.0,Sparse,0.2,0.015707999409642,0.0016250014596153,0.0001098124994314,3.6624999665946234e-05,has_edge,HasEdge,3,1
g_10_Sparse_5,10,9.0,45.0,Sparse,0.2,0.0127909988805186,0.0018329992599319,0.0001229790004799,4.085399996256456e-05,has_edge,HasEdge,3,1
g_10_Medium_1,10,11.0,45.0,Medium,0.2444444444444444,0.0148750004882458,0.0019580002117436,0.0001207289997182,4.304200047045015e-05,has_edge,HasEdge,3,1
g_10_Medium_2,10,11.0,45.0,Medium,0.2444444444444444,0.0294579986075405,0.0027500009309733,0.0001118959999075,3.924999964510789e-05,has_edge,HasEdge,3,1
g_10_Medium_3,10,11.0,45.0,Medium,0.2444444444444444,0.0198749985429458,0.0018749997252598,0.0001076040007319,3.5687499803316314e-05,has_edge,HasEdge,3,1
g_10_Medium_4,10,11.0,45.0,Medium,0.2444444444444444,0.0120420008897781,0.0014170000213198,0.0001120835004257,3.924999964510789e-05,has_edge,HasEdge,3,1
g_10_Medium_5,10,11.0,45.0,Medium,0.2444444444444444,0.0131670003611361,0.0017920010577654,0.0001061875000232,3.80415003746748e-05,has_edge,HasEdge,3,1
g_10_Dense_1,10,27.0,45.0,Dense,0.6,0.0312920001306338,0.0025419994926778,0.0001075000000128,4.391649963508826e-05,has_edge,HasEdge,3,1
g_10_Dense_2,10,27.0,45.0,Dense,0.6,0.018666998585104,0.0018329992599319,0.0001100830004361,4.1854000301100314e-05,has_edge,HasEdge,3,1
g_10_Dense_3,10,27.0,45.0,Dense,0.6,0.0226249994739191,0.0018749997252598,0.0001116250004997,4.297949999454431e-05,has_edge,HasEdge,3,1
g_10_Dense_4,10,27.0,45.0,Dense,0.6,0.0148750004882458,0.0014999986888142,0.0001336039995294,4.183349938102765e-05,has_edge,HasEdge,3,1
g_10_Dense_5,10,27.0,45.0,Dense,0.6,0.0572919998376164,0.0022919994080439,0.0002706665000005,5.200000032345997e-05,has_edge,HasEdge,3,1
g_50_Sparse_1,50,61.0,1225.0,Sparse,0.0497959183673469,0.054791998991277,0.0070000005507608,0.0001132084998971,3.893749999406282e-05,has_edge,HasEdge,3,1
g_50_Sparse_2,50,61.0,1225.0,Sparse,0.0497959183673469,0.0304580007650656,0.0058750010794028,0.0001120830002037,3.820799975073896e-05,has_edge,HasEdge,3,1
g_50_Sparse_3,50,61.0,1225.0,Sparse,0.0497959183673469,0.0330410002788994,0.0052499999583233,0.000118166500215,3.777050005737692e-05,has_edge,HasEdge,3,1
g_50_Sparse_4,50,61.0,1225.0,Sparse,0.0497959183673469,0.0312499996653059,0.0055000000429572,0.0001108545002352,4.012499994132668e-05,has_edge,HasEdge,3,1
g_50_Sparse_5,50,61.0,1225.0,Sparse,0.0497959183673469,0.0543749993084929,0.0084999992395751,0.0001061664997905,3.82704993171501e-05,has_edge,HasEdge,3,1
g_50_Medium_1,50,306.0,1225.0,Medium,0.2497959183673469,0.0871669999469304,0.0070420010160887,0.0001098539996746,6.979150020924862e-05,has_edge,HasEdge,3,1
g_50_Medium_2,50,306.0,1225.0,Medium,0.2497959183673469,0.0934170002437895,0.0067919991124654,0.0001183124995804,6.737500007147901e-05,has_edge,HasEdge,3,1
g_50_Medium_3,50,306.0,1225.0,Medium,0.2497959183673469,0.0843329999042907,0.0068749995989492,0.0001123749998441,6.352049967972562e-05,has_edge,HasEdge,3,1
g_50_Medium_4,50,306.0,1225.0,Medium,0.2497959183673469,0.0928330009628553,0.0072080001700669,0.0001238750000993,6.487500013463432e-05,has_edge,HasEdge,3,1
g_50_Medium_5,50,306.0,1225.0,Medium,0.2497959183673469,0.1089580000552814,0.008291999620269,0.0001206875003845,6.320850025076652e-05,has_edge,HasEdge,3,1
g_50_Dense_1,50,735.0,1225.0,Dense,0.6,0.2042920004896586,0.0119590004032943,0.0001128334997702,8.760450054978719e-05,has_edge,HasEdge,3,1
g_50_Dense_2,50,735.0,1225.0,Dense,0.6,0.1799999990907963,0.0089160002971766,0.0001310210000156,0.0001758335001795,has_edge,HasEdge,3,0
g_50_Dense_3,50,735.0,1225.0,Dense,0.6,0.2381249996687984,0.0148750004882458,0.0001096460000553,8.51459999466897e-05,has_edge,HasEdge,3,1
g_50_Dense_4,50,735.0,1225.0,Dense,0.6,0.167124999279622,0.0696659990353509,0.0001189164995594,9.370849966217064e-05,has_edge,HasEdge,3,1
g_50_Dense_5,50,735.0,1225.0,Dense,0.6,0.1634170002944301,0.0079170004028128,0.0001141040002039,8.977099969342817e-05,has_edge,HasEdge,3,1
g_100_Sparse_1,100,247.0,4950.0,Sparse,0.0498989898989899,0.0963750007940689,0.0146250004036119,0.0001097085005312,4.568750046018977e-05,has_edge,HasEdge,3,1
g_100_Sparse_2,100,247.0,4950.0,Sparse,0.0498989898989899,0.0823749996925471,0.0125419992400566,0.0001091670001187,5.064600009063725e-05,has_edge,HasEdge,3,1
g_100_Sparse_3,100,247.0,4950.0,Sparse,0.0498989898989899,0.0780000009399373,0.0109170014184201,0.0001107915004467,4.5208500523585826e-05,has_edge,HasEdge,3,1
g_100_Sparse_4,100,247.0,4950.0,Sparse,0.0498989898989899,0.0764999986131442,0.0110000000859145,0.0001326664996668,4.545799947663909e-05,has_edge,HasEdge,3,1
g_100_Sparse_5,100,247.0,4950.0,Sparse,0.0498989898989899,0.075208999987808,0.0108749991341028,0.0001246665005965,5.066700032330118e-05,has_edge,HasEdge,3,1
g_100_Medium_1,100,1237.0,4950.0,Medium,0.2498989898989899,0.459291999504785,0.0657090004096971,0.0001135835000241,9.018750006362096e-05,has_edge,HasEdge,3,1
g_100_Medium_2,100,1237.0,4950.0,Medium,0.2498989898989899,0.2993340003740741,0.0149170009535737,0.000111729499622,9.6792000476853e-05,has_edge,HasEdge,3,1
g_100_Medium_3,100,1237.0,4950.0,Medium,0.2498989898989899,0.2787499997793929,0.014792000001762,0.000110291499368,0.0001013539995255,has_edge,HasEdge,3,1
g_100_Medium_4,100,1237.0,4950.0,Medium,0.2498989898989899,0.3048329999728594,0.0174169999809237,0.0001224790003107,9.89165000646608e-05,has_edge,HasEdge,3,1
g_100_Medium_5,100,1237.0,4950.0,Medium,0.2498989898989899,0.2894170011131791,0.0164580014825332,0.0001193539992527,0.0001006664997476,has_edge,HasEdge,3,1
g_100_Dense_1,100,2970.0,4950.0,Dense,0.6,0.7012500009295763,0.0246660001721465,0.0001189795002574,0.0001871459999165,has_edge,HasEdge,3,0
g_100_Dense_2,100,2970.0,4950.0,Dense,0.6,0.6707909997203387,0.0290420011879177,0.0001196875000459,0.0001540625007692,has_edge,HasEdge,3,0
g_100_Dense_3,100,2970.0,4950.0,Dense,0.6,0.6704580009682104,0.0291669985017506,0.0001241039999513,0.0001574789994265,has_edge,HasEdge,3,0
g_100_Dense_4,100,2970.0,4950.0,Dense,0.6,0.7194999998318963,0.0248750002356246,0.0001217085000462,0.0001412709998476,has_edge,HasEdge,3,0
g_100_Dense_5,100,2970.0,4950.0,Dense,0.6,0.6445420003728941,0.0267919986072229,0.0001188334999824,0.0001422289997208,has_edge,HasEdge,3,0
g_200_Sparse_1,200,995.0,19900.0,Sparse,0.05,0.2573330002633156,0.0270829987130127,0.0001096040004995,6.066649984859396e-05,has_edge,HasEdge,3,1
g_200_Sparse_2,200,995.0,19900.0,Sparse,0.05,0.278041999990819,0.0279579999187262,0.0001603750006324,7.193750025180634e-05,has_edge,HasEdge,3,1
g_200_Sparse_3,200,995.0,19900.0,Sparse,0.05,0.2685829986148746,0.0359579989890335,0.0001563125006214,6.0812500123574864e-05,has_edge,HasEdge,3,1
g_200_Sparse_4,200,995.0,19900.0,Sparse,0.05,0.265040998783661,0.0549579999642446,0.0001558124995426,5.956249970040517e-05,has_edge,HasEdge,3,1
g_200_Sparse_5,200,995.0,19900.0,Sparse,0.05,0.2660410009411862,0.0283749996015103,0.0001123539996115,5.931249961577123e-05,has_edge,HasEdge,3,1
g_200_Medium_1,200,4975.0,19900.0,Medium,0.25,1.0348329997214023,0.0495000003866152,0.0001133750001827,0.0001508334999016,has_edge,HasEdge,3,0
g_200_Medium_2,200,4975.0,19900.0,Medium,0.25,1.156874999651336,0.0530830002389848,0.0001220210006067,0.0001587084998391,has_edge,HasEdge,3,0
g_200_Medium_3,200,4975.0,19900.0,Medium,0.25,1.109458000428276,0.0496249995194375,0.0001276249995498,0.0001689169994278,has_edge,HasEdge,3,0
g_200_Medium_4,200,4975.0,19900.0,Medium,0.25,1.0543749995122198,0.0438330007455078,0.0001093335004043,0.0001606670002729,has_edge,HasEdge,3,0
g_200_Medium_5,200,4975.0,19900.0,Medium,0.25,1.1661250009638024,0.0537500000064028,0.0001124165000874,0.0001692919995548,has_edge,HasEdge,3,0
g_200_Dense_1,200,11940.0,19900.0,Dense,0.6,2.6594160008244216,0.104208000266226,0.0001316249999945,0.000316562500302,has_edge,HasEdge,3,0
g_200_Dense_2,200,11940.0,19900.0,Dense,0.6,2.6353329994890373,0.0731250001990702,0.0001224375000674,0.0002822705000653,has_edge,HasEdge,3,0
g_200_Dense_3,200,11940.0,19900.0,Dense,0.6,2.476125000612228,0.0653750012133969,0.0001192290001199,0.0002711249999265,has_edge,HasEdge,3,0
g_200_Dense_4,200,11940.0,19900.0,Dense,0.6,2.65491600112,0.0702910001564305,0.0001174999997601,0.0002777500003503,has_edge,HasEdge,3,0
g_200_Dense_5,200,11940.0,19900.0,Dense,0.6,2.530042000216781,0.0616249999438878,0.0001133750001827,0.0003617080001276,has_edge,HasEdge,3,0
g_500_Sparse_1,500,6237.0,124750.0,Sparse,0.0499959919839679,1.5186669988906942,0.1310829993599327,0.0001528334996692,0.0001894999995784,has_edge,HasEdge,3,0
g_500_Sparse_2,500,6237.0,124750.0,Sparse,0.0499959919839679,1.540291999845067,0.1258749998669373,0.0001576044996909,0.0001750210003592,has_edge,HasEdge,3,0
g_500_Sparse_3,500,6237.0,124750.0,Sparse,0.0499959919839679,1.5277080001396826,0.1831249992392258,0.0001597085001776,0.0001760420000209,has_edge,HasEdge,3,0
g_500_Sparse_4,500,6237.0,124750.0,Sparse,0.0499959919839679,1.5203330003714657,0.1411659995937952,0.0001756664996719,0.000193271000171,has_edge,HasEdge,3,0
g_500_Sparse_5,500,6237.0,124750.0,Sparse,0.0499959919839679,1.5677499995945254,0.1392909998685354,0.0001589375006005,0.0001920830000017,has_edge,HasEdge,3,0
g_500_Medium_1,500,31187.0,124750.0,Medium,0.2499959919839679,7.261375001689885,0.4861659999733092,0.000155104499754,0.0006660834997092,has_edge,HasEdge,3,0
g_500_Medium_2,500,31187.0,124750.0,Medium,0.2499959919839679,7.365082999967853,0.4730420005216729,0.0001551875002405,0.0006636250000155,has_edge,HasEdge,3,0
g_500_Medium_3,500,31187.0,124750.0,Medium,0.2499959919839679,7.008917000348447,0.5147080009919591,0.0001574375000927,0.0006748125006197,has_edge,HasEdge,3,0
g_500_Medium_4,500,31187.0,124750.0,Medium,0.2499959919839679,7.220292000056361,0.4704589991888497,0.0001569374999235,0.0006831250002505,has_edge,HasEdge,3,0
g_500_Medium_5,500,31187.0,124750.0,Medium,0.2499959919839679,7.272499999089632,0.4410000001371372,0.0001535415003672,0.000657041499835,has_edge,HasEdge,3,0
g_500_Dense_1,500,74850.0,124750.0,Dense,0.6,18.074542000249497,1.1558340011106338,0.0001718749999781,0.0013218955000411,has_edge,HasEdge,3,0
g_500_Dense_2,500,74850.0,124750.0,Dense,0.6,17.95704200048931,1.042125000822125,0.0001666039997871,0.0013143539999873,has_edge,HasEdge,3,0
g_500_Dense_3,500,74850.0,124750.0,Dense,0.6,17.128082999988692,1.00683399978152,0.0001667914993959,0.0012939999996888,has_edge,HasEdge,3,0
g_500_Dense_4,500,74850.0,124750.0,Dense,0.6,17.02395800020895,0.9987079993152292,0.0001628540003366,0.0013066874998912,has_edge,HasEdge,3,0
g_500_Dense_5,500,74850.0,124750.0,Dense,0.6,21.523416999116307,1.017249998767511,0.0001588750001246,0.0012567704998218,has_edge,HasEdge,3,0
dijkstra_10_Sparse_0,10,,,,0.05,,,0.003766399458982,0.0012331998732406,Dijkstra,Dijkstra,4,1
dijkstra_10_Sparse_1,10,,,,0.05,,,0.0151913998706731,0.0014333993021864,Dijkstra,Dijkstra,4,1
dijkstra_10_Sparse_2,10,,,,0.05,,,0.0082505997852422,0.000974800059339,Dijkstra,Dijkstra,4,1
dijkstra_10_Medium_0,10,,,,0.25,,,0.0023997992684599,0.0006750000466126,Dijkstra,Dijkstra,4,1
dijkstra_10_Medium_1,10,,,,0.25,,,0.0330250004481058,0.0035170000046491,Dijkstra,Dijkstra,4,1
dijkstra_10_Medium_2,10,,,,0.25,,,0.0304749992210418,0.0027084010071121,Dijkstra,Dijkstra,4,1
dijkstra_10_Dense_0,10,,,,0.6,,,0.0289081996015738,0.0049084002966992,Dijkstra,Dijkstra,4,1
dijkstra_10_Dense_1,10,,,,0.6,,,0.0310000003082677,0.0048416011850349,Dijkstra,Dijkstra,4,1
dijkstra_10_Dense_2,10,,,,0.6,,,0.0300334009807556,0.0047417997848242,Dijkstra,Dijkstra,4,1
dijkstra_50_Sparse_0,50,,,,0.05,,,0.6934083998203278,0.0172917993040755,Dijkstra,Dijkstra,4,1
dijkstra_50_Sparse_1,50,,,,0.05,,,0.6932500007678755,0.0145166006404906,Dijkstra,Dijkstra,4,1
dijkstra_50_Sparse_2,50,,,,0.05,,,0.840199799858965,0.0196918008441571,Dijkstra,Dijkstra,4,1
dijkstra_50_Medium_0,50,,,,0.25,,,0.5240001992206089,0.0536002000444568,Dijkstra,Dijkstra,4,1
dijkstra_50_Medium_1,50,,,,0.25,,,0.530941599572543,0.0526916002854704,Dijkstra,Dijkstra,4,1
dijkstra_50_Medium_2,50,,,,0.25,,,0.4821668007934931,0.0498086010338738,Dijkstra,Dijkstra,4,1
dijkstra_50_Dense_0,50,,,,0.6,,,0.4658833997382317,0.0805581999884452,Dijkstra,Dijkstra,4,1
dijkstra_50_Dense_1,50,,,,0.6,,,0.4313247991376556,0.068424800701905,Dijkstra,Dijkstra,4,1
dijkstra_50_Dense_2,50,,,,0.6,,,0.4408998000144493,0.07253340081661,Dijkstra,Dijkstra,4,1
dijkstra_100_Sparse_0,100,,,,0.05,,,2.0809164001548197,0.05117499968037,Dijkstra,Dijkstra,4,1
dijkstra_100_Sparse_1,100,,,,0.05,,,2.053350400819909,0.0478497997391969,Dijkstra,Dijkstra,4,1
dijkstra_100_Sparse_2,100,,,,0.05,,,1.907324799685739,0.046274799387902,Dijkstra,Dijkstra,4,1
dijkstra_100_Medium_0,100,,,,0.25,,,1.2848082005803008,0.1232668000739067,Dijkstra,Dijkstra,4,1
dijkstra_100_Medium_1,100,,,,0.25,,,1.3082666002446786,0.1052830019034445,Dijkstra,Dijkstra,4,1
dijkstra_100_Medium_2,100,,,,0.25,,,1.2870829996245448,0.1269418004085309,Dijkstra,Dijkstra,4,1
dijkstra_100_Dense_0,100,,,,0.6,,,1.3000501996430105,0.1856334012700244,Dijkstra,Dijkstra,4,1
dijkstra_100_Dense_1,100,,,,0.6,,,1.31086659966968,0.193241800297983,Dijkstra,Dijkstra,4,1
dijkstra_100_Dense_2,100,,,,0.6,,,1.2631247991521375,0.1967999996850267,Dijkstra,Dijkstra,4,1
dijkstra_200_Sparse_0,200,,,,0.05,,,5.927483199775452,0.1475247991038486,Dijkstra,Dijkstra,4,1
dijkstra_200_Sparse_1,200,,,,0.05,,,5.96727520096465,0.1514917996246367,Dijkstra,Dijkstra,4,1
dijkstra_200_Sparse_2,200,,,,0.05,,,5.809166801191168,0.145824999344768,Dijkstra,Dijkstra,4,1
dijkstra_200_Medium_0,200,,,,0.25,,,4.778424800315406,0.3725248003320303,Dijkstra,Dijkstra,4,1
dijkstra_200_Medium_1,200,,,,0.25,,,4.649708000215469,0.3586751998227555,Dijkstra,Dijkstra,4,1
dijkstra_200_Medium_2,200,,,,0.25,,,4.732125000009546,0.3789665992371738,Dijkstra,Dijkstra,4,1
dijkstra_200_Dense_0,200,,,,0.6,,,4.825950200029183,0.6469836000178475,Dijkstra,Dijkstra,4,1
dijkstra_200_Dense_1,200,,,,0.6,,,4.8799999996845145,0.6560581998201087,Dijkstra,Dijkstra,4,1
dijkstra_200_Dense_2,200,,,,0.6,,,4.906533200846752,0.6438497992348857,Dijkstra,Dijkstra,4,1
dijkstra_500_Sparse_0,500,,,,0.05,,,31.539758200960932,0.7419248002406675,Dijkstra,Dijkstra,4,1
dijkstra_500_Sparse_1,500,,,,0.05,,,31.49535820048186,0.7583834005345125,Dijkstra,Dijkstra,4,1
dijkstra_500_Sparse_2,500,,,,0.05,,,31.209066999872448,0.7439166001859121,Dijkstra,Dijkstra,4,1
dijkstra_500_Medium_0,500,,,,0.25,,,29.753299999720184,2.118174999486655,Dijkstra,Dijkstra,4,1
dijkstra_500_Medium_1,500,,,,0.25,,,29.80345820033108,2.0459415987716056,Dijkstra,Dijkstra,4,1
dijkstra_500_Medium_2,500,,,,0.25,,,29.829416599386605,2.05488339997828,Dijkstra,Dijkstra,4,1
dijkstra_500_Dense_0,500,,,,0.6,,,31.731541799672417,4.285441800311673,Dijkstra,Dijkstra,4,1
dijkstra_500_Dense_1,500,,,,0.6,,,31.622633399092592,4.154799999378156,Dijkstra,Dijkstra,4,1
dijkstra_500_Dense_2,500,,,,0.6,,,31.605383399437414,4.093483399628894,Dijkstra,Dijkstra,4,1
